Plate,Well,key_comun,Barcode,Specie,Location,State,Lat,Long,key_individual,collect_year,Concentration,Method_ext,Student,Specie,key,Plate,OL
1,F5,ArJaC147_ArJaC147,GCTCTA,A. religiosa,Nevado Colima,Jalisco,19.533,-103.639,Acol147,2013,192,mini_kit,Gus,Abies religiosa,NC,PLACA 1,1
2,A2,ArJaC127_ArJaC127,AGCG,A. religiosa,Nevado Colima,Jalisco,19.538,-103.632,Acol127,2013,90.8,mini_kit,Gus,Abies religiosa,NC,PLACA 2,1
1,G4,ArJaC096_ArJaC096,TAATA,A. religiosa,Nevado Colima,Jalisco,19.584,-103.599,Acol96,2013,43.2,mini_kit,Gus,Abies religiosa,NC,PLACA 1,1
2,C7,ArJaC069_ArJaC069,GGAAGA,A. religiosa,Nevado Colima,Jalisco,19.591,-103.598,Acol69,2013,20.6,mini_kit,Gus,Abies religiosa,NC,PLACA 2,1
1,B9,ArJaC011_ArJaC011,ACGTGTT,A. religiosa,Nevado Colima,Jalisco,19.602,-103.58,Acol11,2013,148,mini_kit,Gus,Abies religiosa,NC,PLACA 1,1
1,C1,ArMi5521_ArMi5521,ACTA,A. religiosa,Volcan Tancitaro,Michoacan,19.383,-102.317,55-21,2000,64.8,mini_kit,Gus,Abies religiosa,VT,PLACA 1,2
3,H2,ArMi5530_ArMi5530,ACAAA,A. religiosa,Volcan Tancitaro,Michoacan,19.383,-102.317,55-30B,2000,32.2,mini_kit,Gus,Abies religiosa,VT,PLACA 3,2
3,C11,ArMi5509_ArMi5509,TCTCAGTG,A. religiosa,Volcan Tancitaro,Michoacan,19.383,-102.317,55-9,2000,161,mini_kit,Gus,Abies religiosa,VT,PLACA 3,2
2,F3,ArMi1543_ArMi1543,GCTTA,A. religiosa,Puerta Garnica,Michoacan,19.67,-100.822,15-43,2000,27.8,mini_kit,Gus,Abies religiosa,PG,PLACA 2,3
4,C4,ArMi1527_ArMi1527,CCTAG,A. religiosa,Puerta Garnica,Michoacan,19.67,-100.822,15-27,2000,24.8,mini_kit,Gus,Abies religiosa,PG,PLACA 4,3
4,D10,ArMi1513_ArMi1513,TCTGTGA,A. religiosa,Puerta Garnica,Michoacan,19.67,-100.822,15-13,2000,33.3,mini_kit,Gus,Abies religiosa,PG,PLACA 4,3
1,A10,ArMiSn07_ArMiSn07,GCGGAAT,A. religiosa,San Andres,Michoacan,19.8,-100.604,Sn7,2013,49.4,mini_kit,Gus,Abies religiosa,SA,PLACA 1,4
3,D1,ArMiAlt3_ArMiAlt3,CAGA,A. religiosa,Michoacan,Michoacan,19.797,-100.6,MiAl3,2018,0,vacio,Sebastian,Abies religiosa,MiAl,PLACA 3,5
4,H5,ArMiAlt2_ArMiAlt2,CTTCCA,A. religiosa,Michoacan,Michoacan,19.797,-100.6,Mich2,2018,0,vacio,Sebastian,Abies religiosa,MiAl,PLACA 4,5
4,B9,ArMiAlt1_ArMiAlt1,ACGTGTT,A.religiosa,Michoacan,Michoacan,19.797,-100.6,Mich1,2018,0,vacio,Sebastian,Abies religiosa,MiAl,PLACA 4,5
2,C5,ArMiSn03_ArMiSn03,CCACGT,A. religiosa,San Andres,Michoacan,19.797,-100.6,Sn3,2013,65.8,mini_kit,Gus,Abies religiosa,SA,PLACA 2,4
2,A6,ArMiSn05_ArMiSn05,GAGATA,A. religiosa,San Andres,Michoacan,19.797,-100.6,Sn5,2013,112,mini_kit,Gus,Abies religiosa,SA,PLACA 2,4
3,B7,ArMiSn01_ArMiSn01,GCCAGT,A. religiosa,San Andres,Michoacan,19.8,-100.596,Sn1,2013,99.4,mini_kit,Gus,Abies religiosa,SA,PLACA 3,4
3,D6,ArMiSn09_ArMiSn09,ACCTAA,A. religiosa,San Andres,Michoacan,19.799,-100.591,Sn9,2013,112,mini_kit,Gus,Abies religiosa,SA,PLACA 3,4
4,B3,ArMexB10_ArMexB10,AGCCG,A. religiosa,Cerro Blanco,Edo Mex,19.574,-100.237,Bl10,2013,153,mini_kit,Gus,Abies religiosa,CB,PLACA 4,6
4,C5,ArMexB08_ArMexB08,CCACGT,A. religiosa,Cerro Blanco,Edo Mex,19.574,-100.237,Bl8,2013,77.2,mini_kit,Gus,Abies religiosa,CB,PLACA 4,6
4,B8,ArMexB06_ArMexB06,ATGAAAG,A. religiosa,Cerro Blanco,Edo Mex,19.565,-100.228,Bl6,2013,34.2,mini_kit,Gus,Abies religiosa,CB,PLACA 4,6
2,A3,ArMexB04_ArMexB04,TTCTG,A. religiosa,Cerro Blanco,Edo Mex,19.564,-100.226,Bl4,2013,69.4,mini_kit,Gus,Abies religiosa,CB,PLACA 2,6
3,F7,ArMexB02_ArMexB02,TAACGA,A. religiosa,Cerro Blanco,Edo Mex,19.563,-100.225,Bl2,2013,32,mini_kit,Gus,Abies religiosa,CB,PLACA 3,6
1,B1,ArQuZa01_ArQuZa01,TGCA,A. religiosa,Cerro Zamorano,Queretaro,20.929,-100.182,Z1,2017,57.6,mini_kit,Gus,Abies religiosa,CZ,PLACA 1,7
1,E5,ArQuZa06_ArQuZa06,TAGGAA,A. religiosa,Cerro Zamorano,Queretaro,20.929,-100.182,Z6,2017,39.2,mini_kit,Gus,Abies religiosa,CZ,PLACA 1,7
2,B1,ArQuZa10_ArQuZa10,TGCA,A. religiosa,Cerro Zamorano,Queretaro,20.929,-100.182,Z10,2017,71.3,mini_kit,Gus,Abies religiosa,CZ,PLACA 2,7
2,D7,ArQuZa11_ArQuZa11,GTACTT,A. religiosa,Cerro Zamorano,Queretaro,20.929,-100.182,Z11,2017,106,mini_kit,Gus,Abies religiosa,CZ,PLACA 2,7
1,F9,ArNtRGRN10_ArNtRGRN10,CGCTGAT,A. religiosa,Nevado de Toluca RG,Edo Mex,19.26,-99.96,RGRN10,2016,217,mini_kit,Sebastian,Abies religiosa,RG,PLACA 1,8
1,C10,ArNtRGRN3_ArNtRGRN3,TCGAAGA,A. religiosa,Nevado de Toluca RG,Edo Mex,19.26,-99.96,RGRN3,2016,72.8,mini_kit,Sebastian,Abies religiosa,RG,PLACA 1,8
2,D11,ArNtRGRN13_ArNtRGRN13,CGCGATAT,A. religiosa,Nevado de Toluca RG,Edo Mex,19.26,-99.96,RGRN13,2016,330,mini_kit,Sebastian,Abies religiosa,RG,PLACA 2,8
3,G1,ArNtRGRN12_ArNtRGRN12,CGAT,A. religiosa,Nevado de Toluca RG,Edo Mex,19.26,-99.96,RGRN12,2016,162,mini_kit,Sebastian,Abies religiosa,RG,PLACA 3,8
4,E6,ArNtRGRN6_ArNtRGRN6,ATATGT,A. religiosa,Nevado de Toluca RG,Edo Mex,19.26,-99.96,RGRN6,2016,308,mini_kit,Sebastian,Abies religiosa,RG,PLACA 4,8
1,H1,ArNtSBRN9_ArNtSBRN9,GTAA,A. religiosa,Nevado de Toluca SB,Edo Mex,19.23,-99.92,SBRN9,2016,170,mini_kit,Sebastian,Abies religiosa,SB,PLACA 1,9
2,F6,ArNtSBRN21_ArNtSBRN21,ATCGTA,A. religiosa,Nevado de Toluca SB,Edo Mex,19.23,-99.92,SBRN21,2016,141,mini_kit,Sebastian,Abies religiosa,SB,PLACA 2,9
3,D10,ArNtSBRN2_ArNtSBRN2,TCTGTGA,A. religiosa,Nevado de Toluca SB,Edo Mex,19.23,-99.92,SBRN2,2016,44,mini_kit,Sebastian,Abies religiosa,SB,PLACA 3,9
4,G1,ArNtSBRN3_ArNtSBRN3,CGAT,A. religiosa,Nevado de Toluca SB,Edo Mex,-19.23,-99.92,SBRN3,2016,58,mini_kit,Sebastian,Abies religiosa,SB,PLACA 4,9
4,F5,ArNtSBRN13_ArNtSBRN13,GCTCTA,A. religiosa,Nevado de Toluca SB,Edo Mex,19.23,-99.92,SBRN13,2016,143,mini_kit,Sebastian,Abies religiosa,SB,PLACA 4,9
3,H1,ArMeTo06_ArMeTo06,GTAA,A. religiosa,Nevado de Toluca NT,Edo Mex,19.186,-99.81,To6,2013,64.4,mini_kit,Gus,Abies religiosa,NT,PLACA 3,10
3,E10,ArMeTo08_ArMeTo08,TGCTGGA,A. religiosa,Nevado de Toluca NT,Edo Mex,19.187,-99.81,To8,2013,107,mini_kit,Gus,Abies religiosa,NT,PLACA 3,10
4,E11,ArMeTo04_ArMeTo04,CGCCTTAT,A. religiosa,Nevado de Toluca NT,Edo Mex,19.185,-99.81,To4,2013,70.2,mini_kit,Gus,Abies religiosa,NT,PLACA 4,10
4,F4,ArMeTo10_ArMeTo10,GTCAA,A. religiosa,Nevado de Toluca NT,Edo Mex,19.187,-99.809,To10,2013,52.4,mini_kit,Gus,Abies religiosa,NT,PLACA 4,10
2,B8,ArMeTo12_ArMeTo12,ATGAAAG,A. religiosa,Nevado de Toluca NT,Edo Mex,19.176,-99.803,To12,2013,33.2,mini_kit,Gus,Abies religiosa,NT,PLACA 2,10
2,F1,ArDlS2_ArDlS2,GCGT,A. religiosa,Santa Rosa Xochiac ,CDMX,19.28548185,-99.3022233,HEALTHY_02,2017,29.4,mini_kit,Vero,H2,SRX,PLACA 2,11
2,D3,ArDlS3_ArDlS3,CTGTA,A. religiosa,Santa Rosa Xochiac ,CDMX,19.28553486,-99.30200731,HEALTHY_03,2017,25.2,mini_kit,Vero,H3,SRX,PLACA 2,11
2,H8,ArDlD3_ArDlD3,AACGCCT,A. religiosa,Santa Rosa Xochiac ,CDMX,19.28549333,-99.30187167,DAMAGED_03,2017,25.8,mini_kit,Vero,D3,SRX,PLACA 2,11
4,D3,ArDlD1_ArDlD1,CTGTA,A. religiosa,Santa Rosa Xochiac ,CDMX,19.28538833,-99.30186667,DAMAGED_01,2017,27,mini_kit,Vero,D1,SRX,PLACA 4,11
3,A4,ArDlS4_ArDlS4,ATTGA,A. religiosa,Santa Rosa Xochiac ,CDMX,19.28513124,-99.30172207,HEALTHY_04,2017,25.4,mini_kit,Vero,H4,SRX,PLACA 3,11
4,A7,ArDlD5_ArDlD5,CTATTA,A. religiosa,Santa Rosa Xochiac ,CDMX,19.2855,-99.30168833,DAMAGED_05,2017,28,mini_kit,Vero,D5,SRX,PLACA 4,11
2,H6,ArDlS1_ArDlS1,CGCGGT,A. religiosa,Santa Rosa Xochiac ,CDMX,19.28614473,-99.30166201,HEALTHY_01,2017,24.8,mini_kit,Vero,H1,SRX,PLACA 2,11
4,H8,ArDlS5_ArDlS5,AACGCCT,A. religiosa,Santa Rosa Xochiac ,CDMX,19.28534476,-99.30162989,HEALTHY_05,2017,26.2,mini_kit,Vero,H5,SRX,PLACA 4,11
4,A3,ArDlD2_ArDlD2,TTCTG,A. religiosa,Santa Rosa Xochiac ,CDMX,19.28546,-99.30162833,DAMAGED_02,2017,26.8,mini_kit,Vero,D2,SRX,PLACA 4,11
1,H9,ArDlD4_ArDlD4,CTACGGA,A. religiosa,Santa Rosa Xochiac ,CDMX,19.28617667,-99.30151833,DAMAGED_04,2017,28.8,mini_kit,Vero,D4,SRX,PLACA 1,11
2,H9,ArCDSa03_ArCDSa03,CTACGGA,A. religiosa,Ajusco,CDMX,19.245,-99.258,Sa3,2013,105,mini_kit,Gus,Abies religiosa,Aj,PLACA 2,12
2,D8,ArCDLp01_ArCDLp01,GAATTCA,A. religiosa,Ajusco,CDMX,19.232,-99.257,Lp1,2013,67.4,mini_kit,Gus,Abies religiosa,Aj,PLACA 2,12
2,G9,ArCDY012_ArCDY012,CGGTAGA,A. religiosa,Ajusco,CDMX,19.223,-99.234,Y12,2013,23.8,mini_kit,Gus,Abies religiosa,Aj,PLACA 2,12
1,A5,ArHi5316_ArHi5316,TCGTT,A. religiosa,El Chico,Hidalgo,20.15,-98.7,53-16,2000,47.6,mini_kit,Gus,Abies religiosa,EC,PLACA 1,13
3,B3,ArHi5329_ArHi5329,AGCCG,A. religiosa,El Chico,Hidalgo,20.15,-98.7,53-29,2000,30.4,mini_kit,Gus,Abies religiosa,EC,PLACA 3,13
4,D5,ArHi5313_ArHi5313,TTCAGA,A. religiosa,El Chico,Hidalgo,20.15,-98.7,53-13,2000,39,mini_kit,Gus,Abies religiosa,EC,PLACA 4,13
4,G6,ArHi5318_ArHi5318,CATCGT,A. religiosa,El Chico,Hidalgo,20.15,-98.7,53-18,2000,25.6,mini_kit,Gus,Abies religiosa,EC,PLACA 4,13
1,A11,ArMex028_ArMex028,TGCAAGGA,A. religiosa,Ixtapalucan,Edo Mex,19.259,-98.61,Arbol28,2017,58.8,mini_kit,Gus,Abies religiosa,Ix,PLACA 1,14
2,F10,ArMex003_ArMex003,ACGACTAG,A. religiosa,Ixtapalucan,Edo Mex,19.254,-98.61,Arbol3,2017,85,mini_kit,Gus,Abies religiosa,Ix,PLACA 2,14
4,B7,ArMex021_ArMex021,GCCAGT,A. religiosa,Ixtapalucan,Edo Mex,19.259,-98.61,Arbol21,2017,44.6,mini_kit,Gus,Abies religiosa,Ix,PLACA 4,14
3,H5,ArMex006_ArMex006,CTTCCA,A. religiosa,Ixtapalucan,Edo Mex,19.259,-98.608,Arbol6,2017,147,mini_kit,Gus,Abies religiosa,Ix,PLACA 3,14
2,B4,ArMex015_ArMex015,CATCT,A. religiosa,Ixtapalucan,Edo Mex,19.251,-98.605,Arbol15,2017,131,mini_kit,Gus,Abies religiosa,Ix,PLACA 2,14
1,H2,ArTl4924_ArTl4924,ACAAA,A. religiosa,Tlaxco,Tlaxcala,19.683,-98.083,49-24,2000,43.8,mini_kit,Gus,Abies religiosa,Tl,PLACA 1,15
2,C3,ArTl4940_ArTl4940,GTATT,A. religiosa,Tlaxco,Tlaxcala,19.683,-98.083,49-40,2000,32.4,mini_kit,Gus,Abies religiosa,Tl,PLACA 2,15
2,H4,ArTl4910_ArTl4910,TACAT,A. religiosa,Tlaxco,Tlaxcala,19.683,-98.083,49-10,2000,27.6,mini_kit,Gus,Abies religiosa,Tl,PLACA 2,15
4,F2,ArTl4901_ArTl4901,TCACG,A. religiosa,Tlaxco,Tlaxcala,19.683,-98.083,49-1,2000,28.8,mini_kit,Gus,Abies religiosa,Tl,PLACA 4,15
1,B4,ArTlax02_ArTlax02,CATCT,A. religiosa,Malinche,Tlaxcala,19.2372,-98.0433,M2,2013,74.6,mini_kit,Gus,Abies religiosa,Ma,PLACA 1,16
2,D2,ArTlax10_ArTlax10,TGCGA,A. religiosa,Malinche,Tlaxcala,19.2372,-98.0433,M10,2013,120,mini_kit,Gus,Abies religiosa,Ma,PLACA 2,16
3,A6,ArTlax06_ArTlax06,GAGATA,A. religiosa,Malinche,Tlaxcala,19.2372,-98.0433,M6,2013,71,mini_kit,Gus,Abies religiosa,Ma,PLACA 3,16
3,D7,ArTlax08_ArTlax08,GTACTT,A. religiosa,Malinche,Tlaxcala,19.2372,-98.0433,M8,2013,105,mini_kit,Gus,Abies religiosa,Ma,PLACA 3,16
1,G7,ArPu4505_ArPu4505,TGGCTA,A. religiosa,Volcan Atlitzin,Puebla,18.967,-97.35,45B-5,2000,42.2,mini_kit,Gus,Abies religiosa,VA,PLACA 1,17
2,C6,ArPu4514_ArPu4514,AGTGGA,A. religiosa,Volcan Atlitzin,Puebla,18.967,-97.35,45b-14,2000,177,mini_kit,Gus,Abies religiosa,VA,PLACA 2,17
3,E5,ArPu4534_ArPu4534,TAGGAA,A. religiosa,Volcan Atlitzin,Puebla,18.967,-97.35,45-34,2000,45,mini_kit,Gus,Abies religiosa,VA,PLACA 3,17
4,G7,ArPu4537_ArPu4537,TGGCTA,A. religiosa,Volcan Atlitzin,Puebla,18.967,-97.35,45-37,2000,143,mini_kit,Gus,Abies religiosa,VA,PLACA 4,17
4,G9,ArPu4541_ArPu4541,CGGTAGA,A. religiosa,Volcan Atlitzin,Puebla,18.967,-97.35,45-41,2000,51.6,mini_kit,Gus,Abies religiosa,VA,PLACA 4,17
1,E1,ArVe4826_ArVe4826,AACT,A. religiosa,Cofre de Perote,Veracruz,19.517,-97.15,48-26,2000,178,mini_kit,Gus,Abies religiosa,CP,PLACA 1,18
1,F1,ArVe4819_r1_ArVe4819_r1,GCGT,A. religiosa,Cofre de Perote,Veracruz,19.517,-97.15,48-19,2000,252,mini_kit,Gus,Abies religiosa,CP,PLACA 1,18
2,B6,ArVe4823_ArVe4823,ATGCCT,CofrePerote_A. religiosa,Cofre de Perote,Veracruz,19.517,-97.15,48-23,2000,156,mini_kit,Gus,Abies religiosa,CP,PLACA 2,18
3,C4,ArVe4809_ArVe4809,CCTAG,A. religiosa,Cofre de Perote,Veracruz,19.517,-97.15,48-9,2000,65.6,mini_kit,Gus,Abies religiosa,CP,PLACA 3,18
4,F7,ArVe4834_ArVe4834,TAACGA,A. religiosa,Cofre de Perote,Veracruz,19.517,-97.15,48-34,2000,128,mini_kit,Gus,Abies religiosa,CP,PLACA 4,18
5,C2,AmJa2112_AmJa2112,TCAG,A. religiosa,Sierra Manantlan,Jalisco,19.464,-103.947,21-12,2000,40.2,mini_kit,Gus,Abies religiosa,SM,PLACA 4,19
4,NN,AmJa2125_AmJa2125,,A. religiosa,Sierra Manantlan,Jalisco,19.464,-103.947,NN,NN,NN,mini_kit,Gus,Abies religiosa,SM,PLACA5,19
5,NN,AmJa2135_AmJa2135,GTCGATT,A. religiosa,Sierra Manantlan,Jalisco,19.464,-103.947,21-35,2000,31.4,mini_kit,Gus,Abies religiosa,SM,PLACA 4,19
4,NN,ArCDBa09_ArCDBa09,,A. religiosa,Ajusco,CDMX,19.232,-99.257,NN,NN,NN,mini_kit,Gus,Abies religiosa,Aj,PLACA5,12
5,C1,ArMi5533_ArMi5533,,A. religiosa,Volcan Tancitaro,Michoacan,19.383,-102.317,NN,2000,NN,mini_kit,Gus,Abies religiosa,VT,PLACA5,2
5,NN,ArTl4930_ArTl4930,,A. religiosa,Tlaxco,Tlaxcala,19.683,-98.083,NN,2000,NN,mini_kit,Gus,Abies religiosa,Tl,PLACA5,15
